{
  "model_version": "handicap_mapping_model_v1",
  "model_type": "sklearn_logistic_regression_multinomial",
  "classes": [
    "让平",
    "让胜",
    "让负"
  ],
  "feature_names": [
    "home_prob",
    "draw_prob",
    "away_prob",
    "home_lambda",
    "away_lambda",
    "handicap_line"
  ],
  "coefficients": {
    "让平": [
      0.12857350625415068,
      0.044975787919010926,
      0.13444186116112175,
      0.006525368586608058,
      -0.00912581462844479,
      -0.03328157951112308
    ],
    "让胜": [
      0.2725464810938477,
      -0.04392997289321318,
      -0.3017812232101702,
      -0.01304594639429154,
      0.0039060196395279204,
      1.2520065747282783
    ],
    "让负": [
      -0.4011199873479976,
      -0.0010458150257977449,
      0.16733936204904745,
      0.006520577807683361,
      0.005219794988916738,
      -1.2187249952171546
    ]
  },
  "intercept": {
    "让平": 0.3695730014765687,
    "让胜": -0.08326072295630269,
    "让负": -0.2863122785202593
  },
  "scaler_mean": {
    "home_prob": 0.42935214313289993,
    "draw_prob": 0.26071717401808914,
    "away_prob": 0.3087173947062649,
    "home_lambda": 1.3149733384326603,
    "away_lambda": 1.3409012181237114,
    "handicap_line": -6.593957297532541e-06
  },
  "scaler_scale": {
    "home_prob": 0.15525534341154515,
    "draw_prob": 0.04413949043989423,
    "away_prob": 0.14176129252168593,
    "home_lambda": 0.4391421714485557,
    "away_lambda": 0.44522707047069143,
    "handicap_line": 1.5811388300704399
  },
  "metrics": {
    "sample_count": 189568,
    "train_count": 151654,
    "valid_count": 37914,
    "accuracy": 0.6959698264493327,
    "log_loss": 0.7655290298993918
  },
  "created_at": "2026-06-29T00:26:27Z"
}