{
  "created_at": "2026-06-29T05:18:32Z",
  "min_bet_count": 50,
  "candidates": [
    {
      "ev_threshold": 0.0,
      "odds_range": "3.00+",
      "probability_range": "<40%",
      "sample_count": 242,
      "bet_count": 242,
      "hit_rate": 0.2975206611570248,
      "roi": 0.017355371900826443,
      "max_drawdown": 24.700000000000003,
      "avg_odds": 3.59400826446281,
      "avg_ev": 0.0065292125067062425
    }
  ],
  "best_candidates": [
    {
      "ev_threshold": 0.0,
      "odds_range": "3.00+",
      "probability_range": "<40%",
      "sample_count": 242,
      "bet_count": 242,
      "hit_rate": 0.2975206611570248,
      "roi": 0.017355371900826443,
      "max_drawdown": 24.700000000000003,
      "avg_odds": 3.59400826446281,
      "avg_ev": 0.0065292125067062425
    }
  ]
}